Level,NumUsers,NumItems,NumInteractions,SparsityRatio
L0,10000,7049,2078625,0.9705117747198184
L1,10000,7049,1036814,0.9852913321038446
L2,10000,7044,411760,0.9941544576944917
